iter_num,train_n_cut,train_reconstruction,train_loss,val_n_cut,val_reconstruction,val_loss
0,3000.0,697.7871704101562,3.697787284851074,3000.0,697.6087036132812,3.6976101398468018
1000,1844.3123779296875,292.07696533203125,2.1363894939422607,1833.9849853515625,295.67138671875,2.1296563148498535
2000,1154.920166015625,291.999755859375,1.4469190835952759,1149.2235107421875,293.4813232421875,1.4427051544189453
