iter_num,train_n_cut,train_reconstruction,val_n_cut,val_reconstruction
0,2.97218656539917,137146.46875,2.9741108417510986,137180.140625
1000,0.9904466271400452,105272.828125,0.9874985218048096,105647.8359375
2000,0.27843743562698364,97379.109375,0.2754766047000885,97994.4375
