iter_num,train_n_cut,train_reconstruction,train_loss,val_n_cut,val_reconstruction,val_loss
0,63.0,0.6922654509544373,63.69211959838867,63.0,0.6920182704925537,63.69192886352539
1000,58.187721252441406,0.34502413868904114,58.532718658447266,58.02503967285156,0.3012580871582031,58.32621765136719
2000,53.070011138916016,0.3530137240886688,53.42298126220703,52.63884735107422,0.2858520746231079,52.9246826171875
