iter_num,train_loss,val_loss
0,34425.76953125,34418.6015625
1000,24164.13671875,24297.0625
2000,23015.068359375,23893.30078125
3000,23416.275390625,23864.2890625
4000,23035.794921875,23918.55078125
5000,23493.234375,23798.2109375
6000,23321.806640625,23832.556640625
