iter_num,train_loss,val_loss
0,0.6932996511459351,0.6932774186134338
1000,0.45578089356422424,0.4832620322704315
