iter_num,train_loss,val_loss
0,33644.45703125,33658.328125
1000,22960.294921875,23844.283203125
2000,23141.326171875,24009.0
3000,23471.640625,23931.037109375
4000,22685.6328125,23993.580078125
5000,25342.052734375,24148.759765625
6000,22967.5390625,23918.912109375
7000,23203.65625,24037.619140625
