iter_num,train_n_cut,train_reconstruction,val_n_cut,val_reconstruction
0,3.000000238418579,137822.09375,3.000000238418579,137804.609375
1000,0.9857808947563171,99074.5078125,1.1133478879928589,102241.703125
2000,0.33916184306144714,92659.7265625,0.4517427086830139,97574.3515625
